command,mean,stddev,median,user,system,min,max
./fib.out 35,0.054748969796521746,0.0029529194922374414,0.05401734484,0.053394126521739145,0.0012234760869565214,0.05286591484,0.06628696684
julia fib.jl 35,0.8831397687400001,0.034056049020308246,0.8691421103400001,2.3296493699999994,2.8243785200000002,0.8508330868400001,0.9495286138400001
python3 fib.py 35,1.9146153584400003,0.05837361151786616,1.8798677323400002,1.9043642700000003,0.00565422,1.8693119848400002,2.02823492284
Rscript fib.R 35,71.28542889104,4.025000027096786,69.17432111834,71.01176367,0.06762671999999999,67.48780633684001,77.75439425184001
