command,mean,stddev,median,user,system,min,max
./fib.out 10,0.0008550085649300704,0.000353774646269428,0.0007729910949999998,0.00048330769230769266,0.0006702665174825178,0.00048018809499999994,0.003153488095
julia fib.jl 10,0.27454034849500003,0.003503895449435779,0.274803135595,1.7304563599999998,2.7539099549999997,0.267313229095,0.28009159709500003
python3 fib.py 10,0.018907858193484846,0.0035266589604883106,0.017207581095,0.015205708484848483,0.003681535643939394,0.016304939095000002,0.034182856095000005
Rscript fib.R 10,0.12633752652978258,0.0033659372908969674,0.125291084095,0.09594696869565217,0.03234042456521739,0.12167993509500001,0.134600782095
