command,mean,stddev,median,user,system,min,max
./fib.out 20,0.0010473782444818446,0.0004578845625083846,0.0009297413800000015,0.0004975761248892816,0.000830882949512843,0.00020621138000000128,0.002886896380000002
julia fib.jl 20,0.27057284001636367,0.023348240278668057,0.25837349138,1.8370559622727272,2.7157292409090914,0.24773292938000002,0.31731054638
python3 fib.py 20,0.0219828380952318,0.003349529842684187,0.020673488380000004,0.016844566125827805,0.005054633443708607,0.018360505380000003,0.029842544380000002
Rscript fib.R 20,0.2057156840942857,0.01951631198540844,0.20566489038000002,0.16963502071428568,0.03548436428571428,0.18318020138000002,0.25322105738
