command,mean,stddev,median,user,system,min,max
./fib.out 30,0.006948419173994974,0.0017353288736463408,0.006503564375,0.005961387110552763,0.0010718726130653272,0.005108332375,0.015829044375
julia fib.jl 30,0.3272347000750001,0.0050528220721012046,0.328595798875,1.715780965,2.757853235,0.31963122337500005,0.33389640037500007
python3 fib.py 30,0.204420333975,0.03548271326334314,0.190972632375,0.19551463166666663,0.0053989016666666665,0.18734092837500002,0.32120929137500004
Rscript fib.R 30,6.6758612122750005,0.34743040146000864,6.721279123375,6.614458164999999,0.047899834999999995,6.179095795375001,7.130376211375
