command,mean,stddev,median,user,system,min,max
./fib.out 15,0.0009885640064705885,0.00020407471185254587,0.0009466991299999998,0.00038666446218487376,0.0008923408067226888,0.0007586401299999998,0.00279580913
julia fib.jl 15,0.25967190513,0.013979040628801512,0.25480811013000004,1.70235397,2.7217767599999996,0.24078780913,0.28050812713
python3 fib.py 15,0.020207199541392405,0.0036126033949579954,0.018173151630000002,0.015704243417721513,0.004450434683544301,0.01674924313,0.029108862130000003
Rscript fib.R 15,0.13871823041571432,0.013911807742871481,0.13403222713,0.10388282238095238,0.03675176952380953,0.13031194213,0.18354628413000001
