command,mean,stddev,median,user,system,min,max
./fib.out 25,0.0008405622149541296,0.0005354611252587736,0.0006687906700000004,0.0006864493944954131,0.0005221143119266054,0.00041528167000000056,0.004326250670000001
julia fib.jl 25,0.26221394676090914,0.008021912926265695,0.26340993867,1.8117660236363633,2.7492964059090905,0.25142350767,0.27289456767000003
python3 fib.py 25,0.03341570348250001,0.001931340308876609,0.03297256717000001,0.02912497250000002,0.00427409,0.03158217067000001,0.044724413670000004
Rscript fib.R 25,0.7548493573700001,0.05475889845853034,0.7614951646700001,0.7205285600000001,0.035100215,0.69002296867,0.82762300467
